my_medewerkersnummer,mijn_wijknaam,afdeling_kohier,kiesdistrict_GR1899,woningbouwvereniging
1,burgwal,1,1,
2,amsterdamse buurt,1,1,
3,schoten,0,0,
4,amsterdamse buurt,1,1,
5,burgwal,1,2,
6,stationsbuurt,6,2,
7,amsterdamse buurt,1,1,nut door spaarzaamheid
8,amsterdamse buurt,1,1,
9,leidse buurt,4,3,
10,rozenprieel,3,3,
11,amsterdamse buurt,1,1,
12,amsterdamse buurt,1,1,
13,amsterdamse buurt,1,1,
14,rozenprieel,3,3,
15,bakenes,2,2,
16,burgwal,1,1,
17,amsterdamse buurt,1,1,
18,amsterdamse buurt,1,1,nut door spaarzaamheid
19,rozenprieel,3,3,
20,frans hals buurt,6,2,
21,centrum,5,1,
22,bakenes,2,2,
23,schoten,0,0,
24,amsterdamse buurt,1,1,
25,rozenprieel,3,3,
26,amsterdamse buurt,1,1,
27,rozenprieel,3,3,
28,amsterdamse buurt,1,1,
29,rozenprieel,3,3,
30,stationsbuurt,6,2,
31,amsterdamse buurt,1,1,
32,schoten,0,0,
33,vijfhoek,4,3,
34,burgwal,1,1,
35,amsterdamse buurt,1,1,nut door spaarzaamheid
36,burgwal,1,1,
37,burgwal,1,1,
38,vijfhoek,4,3,
39,burgwal,1,1,
40,burgwal,1,1,
41,leidse buurt,4,3,
42,vijfhoek,4,3,
43,amsterdamse buurt,1,1,
44,amsterdamse buurt,1,1,
45,amsterdamse buurt,1,1,
46,rozenprieel,3,3,
48,amsterdamse buurt,1,1,
49,burgwal,1,2,
50,frans hals buurt,6,2,
51,amsterdamse buurt,1,1,nut door spaarzaamheid
52,rozenprieel,3,3,
53,rozenprieel,3,3,
54,amsterdamse buurt,1,1,nut door spaarzaamheid
55,burgwal,1,1,
56,centrum,5,2,
57,rozenprieel,3,3,
58,rozenprieel,3,3,
59,rozenprieel,3,3,
60,amsterdamse buurt,1,1,
61,stationsbuurt,6,2,
62,burgwal,1,1,
63,bakenes,2,2,
64,amsterdamse buurt,1,1,
65,centrum,2,1,
66,rozenprieel,3,3,
67,burgwal,1,2,
68,vijfhoek,4,3,
69,amsterdamse buurt,1,1,
70,heiligland,3,3,
71,burgwal,1,1,
72,amsterdamse buurt,1,1,ons doel en streven
73,frans hals buurt,6,2,
74,frans hals buurt,6,1,
75,leidse buurt,4,3,
76,rozenprieel,3,3,
77,zijlweg,5,2,
78,bakenes,2,2,
79,burgwal,1,1,
80,amsterdamse buurt,1,1,
81,amsterdamse buurt,1,1,nut door spaarzaamheid
82,frans hals buurt,6,2,
83,leidse buurt,4,3,
84,bakenes,2,2,
85,hout,4,3,
86,burgwal,1,1,
87,burgwal,1,1,
88,amsterdamse buurt,1,1,nut door spaarzaamheid
89,centrum,5,2,
90,heiligland,3,3,
91,rozenprieel,3,3,
92,amsterdamse buurt,1,1,
93,vijfhoek,4,3,
94,amsterdamse buurt,1,1,
95,leidse buurt,4,3,
96,hout,3,3,
98,heiligland,3,3,
99,schoten,0,0,
100,leidse buurt,4,3,
101,rozenprieel,3,3,
102,vijfhoek,4,3,
103,kamp,3,3,
104,amsterdamse buurt,1,1,
105,centrum,5,2,
106,frans hals buurt,6,2,
107,amsterdamse buurt,1,1,
108,amsterdamse buurt,1,1,
109,vijfhoek,4,3,
110,amsterdamse buurt,1,1,ons doel en streven
111,leidse buurt,4,3,
112,burgwal,1,1,
113,amsterdamse buurt,1,1,nut door spaarzaamheid
114,vijfhoek,4,3,
115,amsterdamse buurt,1,1,
116,amsterdamse buurt,1,1,nut door spaarzaamheid
117,amsterdamse buurt,1,1,nut door spaarzaamheid
118,centrum,5,1,
119,stationsbuurt,6,2,
120,leidse buurt,4,3,
121,rozenprieel,3,3,
122,burgwal,1,1,
123,rozenprieel,3,3,
124,amsterdamse buurt,1,1,
125,heiligland,3,3,
126,burgwal,1,1,
127,frans hals buurt,6,2,
128,vijfhoek,4,3,
129,burgwal,1,2,
130,amsterdamse buurt,1,1,
131,amsterdamse buurt,1,1,
132,burgwal,1,1,
133,amsterdamse buurt,1,1,
134,amsterdamse buurt,1,1,
135,rozenprieel,3,3,
136,burgwal,1,1,
137,rozenprieel,3,3,
138,rozenprieel,3,3,
139,leidse buurt,4,3,
140,rozenprieel,3,3,
141,rozenprieel,3,3,
142,burgwal,1,2,
143,amsterdamse buurt,1,1,
144,leidse buurt,4,3,
145,amsterdamse buurt,1,1,nut door spaarzaamheid
146,burgwal,1,1,
147,haarlemmerliede,0,0,
148,amsterdamse buurt,1,1,
149,burgwal,1,2,
150,heiligland,3,3,
151,rozenprieel,3,3,
152,amsterdamse buurt,1,1,
153,amsterdamse buurt,1,1,
154,bakenes,2,2,
155,kamp,3,3,
156,amsterdamse buurt,1,1,nut door spaarzaamheid
157,haarlemmerliede,0,0,
158,burgwal,1,1,
159,burgwal,1,1,
160,rozenprieel,3,3,
161,burgwal,1,2,
162,frans hals buurt,6,2,
163,burgwal,1,1,
164,kamp,3,3,
165,burgwal,1,1,
166,frans hals buurt,6,2,
167,rozenprieel,3,3,
168,amsterdamse buurt,1,1,
169,schoten,0,0,
170,amsterdamse buurt,1,1,
171,amsterdamse buurt,1,1,
172,rozenprieel,3,3,
173,amsterdamse buurt,1,1,
174,amsterdamse buurt,1,1,
175,amsterdamse buurt,1,1,ons doel en streven
176,amsterdamse buurt,1,1,
177,amsterdamse buurt,1,1,
178,amsterdamse buurt,1,1,
179,rozenprieel,3,3,
180,rozenprieel,3,3,
181,amsterdamse buurt,1,1,
182,amsterdamse buurt,1,1,nut door spaarzaamheid
183,amsterdamse buurt,1,1,
184,burgwal,1,2,
185,burgwal,1,2,
186,rozenprieel,3,3,
187,bakenes,2,2,
188,bakenes,2,2,
189,amsterdamse buurt,1,1,
190,burgwal,1,1,
191,frans hals buurt,6,2,
192,amsterdamse buurt,1,1,
193,amsterdamse buurt,1,1,
194,rozenprieel,3,3,
195,stationsbuurt,6,2,
196,amsterdamse buurt,1,1,
197,stationsbuurt,6,2,
198,zijlweg,5,2,
199,amsterdamse buurt,1,1,
200,rozenprieel,3,3,
201,heiligland,3,3,
202,amsterdamse buurt,1,1,
203,frans hals buurt,6,2,
204,amsterdamse buurt,1,1,nut door spaarzaamheid
205,amsterdamse buurt,1,1,
206,rozenprieel,3,3,
207,amsterdamse buurt,1,1,
208,heiligland,3,3,
209,amsterdamse buurt,1,1,
210,gesticht,0,0,
211,amsterdamse buurt,1,1,
212,rozenprieel,3,3,
213,amsterdamse buurt,1,1,
214,amsterdamse buurt,1,1,
215,amsterdamse buurt,1,1,
216,amsterdamse buurt,1,1,
217,amsterdamse buurt,1,1,nut door spaarzaamheid
218,burgwal,1,2,
219,burgwal,1,1,
220,heiligland,3,3,
221,kamp,3,3,
222,burgwal,1,1,
223,burgwal,1,1,
224,bakenes,2,2,
225,amsterdamse buurt,1,1,
226,burgwal,1,2,
227,amsterdamse buurt,1,1,
228,amsterdamse buurt,1,1,
229,rozenprieel,3,3,
230,amsterdamse buurt,1,1,
231,vijfhoek,4,1,
232,bakenes,2,2,
234,amsterdamse buurt,1,1,ons doel en streven
235,amsterdamse buurt,1,1,
236,leidse buurt,4,3,
237,rozenprieel,3,3,
238,rozenprieel,3,3,
239,amsterdamse buurt,1,1,
240,amsterdamse buurt,1,1,
241,amsterdamse buurt,1,1,
242,amsterdamse buurt,1,1,ons doel en streven
244,rozenprieel,3,3,
245,amsterdamse buurt,1,1,ons doel en streven
246,burgwal,1,1,
247,leidse buurt,4,3,
248,rozenprieel,3,3,
249,rozenprieel,3,3,
250,amsterdamse buurt,1,1,nut door spaarzaamheid
251,amsterdamse buurt,1,1,
252,amsterdamse buurt,1,1,
253,frans hals buurt,6,2,
254,burgwal,1,1,
255,amsterdamse buurt,1,1,
256,amsterdamse buurt,1,1,
257,burgwal,1,1,
258,amsterdamse buurt,1,1,nut door spaarzaamheid
259,centrum,5,1,
261,amsterdamse buurt,1,1,ons doel en streven
262,centrum,2,1,
263,zijlweg,6,2,
264,amsterdamse buurt,1,1,
265,amsterdamse buurt,1,1,
266,amsterdamse buurt,1,1,
267,amsterdamse buurt,1,1,
268,amsterdamse buurt,1,1,
269,vijfhoek,4,1,
270,amsterdamse buurt,1,1,
271,amsterdamse buurt,1,1,
272,amsterdamse buurt,1,1,
273,rozenprieel,3,3,
274,amsterdamse buurt,1,1,
275,burgwal,1,1,
276,rozenprieel,3,3,
277,vijfhoek,4,3,
278,kamp,3,3,
279,rozenprieel,3,3,
280,amsterdamse buurt,1,1,
281,amsterdamse buurt,1,1,
282,stationsbuurt,6,2,
283,amsterdamse buurt,1,1,nut door spaarzaamheid
284,amsterdamse buurt,1,1,
285,amsterdamse buurt,1,1,
286,burgwal,1,2,
287,amsterdamse buurt,1,1,
288,hout,4,3,
289,stationsbuurt,6,2,
290,amsterdamse buurt,1,1,
291,rozenprieel,3,3,
292,rozenprieel,3,3,
293,stationsbuurt,6,2,
294,centrum,5,2,
295,amsterdamse buurt,1,1,ons doel en streven
296,amsterdamse buurt,1,1,ons doel en streven
297,amsterdamse buurt,1,1,
298,amsterdamse buurt,1,1,ons doel en streven
299,amsterdamse buurt,1,1,
300,amsterdamse buurt,1,1,
301,rozenprieel,3,3,
302,burgwal,1,2,
303,kamp,3,3,
304,burgwal,1,2,
305,amsterdamse buurt,1,1,nut door spaarzaamheid
306,amsterdamse buurt,1,1,
307,burgwal,1,1,
308,amsterdamse buurt,1,1,ons doel en streven
309,rozenprieel,3,3,
310,burgwal,1,1,
311,kamp,3,3,
312,heiligland,3,3,
313,burgwal,1,1,
314,amsterdamse buurt,1,1,
315,rozenprieel,3,3,
316,amsterdamse buurt,1,1,ons doel en streven
317,amsterdamse buurt,1,1,ons doel en streven
318,rozenprieel,3,3,
319,amsterdamse buurt,1,1,
320,amsterdamse buurt,1,1,ons doel en streven
321,burgwal,1,1,
322,rozenprieel,3,3,
323,heiligland,3,3,
324,leidse buurt,4,3,
325,frans hals buurt,6,2,
326,rozenprieel,3,3,
327,rozenprieel,3,3,
328,amsterdamse buurt,1,1,
329,amsterdamse buurt,1,1,ons doel en streven
330,burgwal,1,2,
331,amsterdamse buurt,1,1,ons doel en streven
332,stationsbuurt,6,2,
333,amsterdamse buurt,1,1,
334,schoten,0,0,
335,amsterdamse buurt,1,1,
336,rozenprieel,3,3,
337,bakenes,2,2,
338,schoten,0,0,
339,rozenprieel,3,3,
340,burgwal,1,2,
341,burgwal,1,1,
342,amsterdamse buurt,1,1,nut door spaarzaamheid
343,zijlweg,5,2,
344,leidse buurt,4,3,
345,burgwal,1,2,
346,amsterdamse buurt,1,1,
347,centrum,5,2,
348,rozenprieel,3,3,
349,centrum,5,1,
350,burgwal,1,2,
351,burgwal,1,1,
352,amsterdamse buurt,1,1,
353,rozenprieel,3,3,
354,amsterdamse buurt,1,1,
355,bloemendaal,0,0,
356,leidse buurt,4,3,
357,haarlemmerliede,0,0,
358,rozenprieel,3,3,
359,amsterdamse buurt,1,1,
360,amsterdamse buurt,1,1,
361,burgwal,1,1,
362,amsterdamse buurt,1,1,
363,schoten,0,0,
364,frans hals buurt,6,2,
365,burgwal,1,2,
366,heiligland,3,3,
367,centrum,5,2,
368,rozenprieel,3,3,
369,hout,4,3,
370,zijlweg,5,2,
371,rozenprieel,3,3,
372,burgwal,1,2,
373,bakenes,2,2,
374,centrum,2,1,
375,amsterdamse buurt,1,1,
376,zijlweg,5,2,
377,frans hals buurt,6,2,
378,amsterdamse buurt,1,1,
379,rozenprieel,3,3,
380,zijlweg,5,1,
381,burgwal,1,2,
382,amsterdamse buurt,1,1,
383,amsterdamse buurt,1,1,
384,heiligland,3,3,
385,burgwal,1,2,
386,frans hals buurt,6,2,
387,amsterdamse buurt,1,1,
388,amsterdamse buurt,1,1,
389,centrum,5,2,
390,amsterdamse buurt,1,1,
391,centrum,5,2,
392,centrum,5,1,
393,amsterdamse buurt,1,1,
394,burgwal,1,2,
395,amsterdamse buurt,1,1,
396,rozenprieel,3,3,
397,amsterdamse buurt,1,1,
398,rozenprieel,3,3,
399,stationsbuurt,6,2,
400,burgwal,1,2,
401,amsterdamse buurt,1,1,
402,zijlweg,6,2,
403,amsterdamse buurt,1,1,
404,burgwal,1,1,
405,amsterdamse buurt,1,1,
406,burgwal,1,1,
407,amsterdamse buurt,1,1,
408,bakenes,2,1,
409,stationsbuurt,6,2,
412,burgwal,1,1,
413,burgwal,1,2,
414,kamp,3,3,
415,heemstede,0,0,
416,leidse buurt,4,3,
417,burgwal,1,1,
418,burgwal,1,1,
419,amsterdamse buurt,1,1,
420,amsterdamse buurt,1,1,
421,amsterdamse buurt,1,1,nut door spaarzaamheid
422,amsterdamse buurt,1,1,
423,heiligland,3,3,
424,vijfhoek,4,3,
426,amsterdamse buurt,1,1,
427,bakenes,2,2,
428,amsterdamse buurt,1,1,
429,rozenprieel,3,3,
430,frans hals buurt,6,2,
431,amsterdamse buurt,1,1,
432,rozenprieel,3,3,
433,amsterdamse buurt,1,1,
434,centrum,5,1,
435,amsterdamse buurt,1,1,
436,amsterdamse buurt,1,1,
437,burgwal,1,1,
438,vijfhoek,4,3,
439,burgwal,1,1,
440,bakenes,2,2,
441,vijfhoek,4,3,
442,rozenprieel,3,3,
443,burgwal,1,1,
444,burgwal,1,1,
445,burgwal,1,1,
447,amsterdamse buurt,1,1,
448,centrum,4,1,
449,bakenes,2,1,
450,burgwal,1,1,
451,heemstede,0,0,
452,amsterdamse buurt,1,1,
453,kamp,3,3,
454,stationsbuurt,6,2,
455,leidse buurt,4,3,
456,amsterdamse buurt,1,1,
457,burgwal,1,2,
458,rozenprieel,3,3,
459,kamp,3,3,
460,rozenprieel,3,3,
461,amsterdamse buurt,1,1,
462,vijfhoek,4,3,
463,burgwal,1,1,
464,amsterdamse buurt,1,1,
465,rozenprieel,3,3,
466,bakenes,2,2,
467,amsterdamse buurt,1,1,nut door spaarzaamheid
469,centrum,5,1,
470,rozenprieel,3,3,
471,burgwal,1,2,
472,amsterdamse buurt,1,1,
473,amsterdamse buurt,1,1,
474,amsterdamse buurt,1,1,
475,amsterdamse buurt,1,1,
476,amsterdamse buurt,1,1,
477,rozenprieel,3,3,
478,centrum,5,1,
479,burgwal,1,1,
480,bakenes,2,2,
481,schoten,0,0,
482,burgwal,1,1,
483,rozenprieel,3,3,
484,rozenprieel,3,3,
485,amsterdamse buurt,1,1,
486,amsterdamse buurt,1,1,
487,burgwal,1,1,
488,rozenprieel,3,3,
489,amsterdamse buurt,1,1,ons doel en streven
490,burgwal,1,1,
491,amsterdamse buurt,1,1,
492,rozenprieel,3,3,
493,rozenprieel,3,3,
494,amsterdamse buurt,1,1,ons doel en streven
495,schoten,0,0,
496,burgwal,1,1,
497,rozenprieel,3,3,
498,amsterdamse buurt,1,1,ons doel en streven
499,rozenprieel,3,3,
500,rozenprieel,3,3,
501,rozenprieel,3,3,
502,burgwal,1,1,
503,amsterdamse buurt,1,1,ons doel en streven
504,amsterdamse buurt,1,1,ons doel en streven
505,burgwal,1,1,
506,rozenprieel,3,3,
507,burgwal,1,2,
508,amsterdamse buurt,1,1,ons doel en streven
509,burgwal,1,2,
510,heiligland,3,3,
511,burgwal,1,2,
512,amsterdamse buurt,1,1,ons doel en streven
514,amsterdamse buurt,1,1,ons doel en streven
515,amsterdamse buurt,1,1,
516,amsterdamse buurt,1,1,
517,bakenes,2,2,
518,stationsbuurt,6,2,
519,burgwal,1,2,
520,rozenprieel,3,3,
521,leidse buurt,4,3,
522,schoten,0,0,
523,rozenprieel,3,3,
524,burgwal,1,2,
525,amsterdamse buurt,1,1,ons doel en streven
526,schoten,0,0,
527,hout,4,3,
528,schoten,0,0,
529,amsterdamse buurt,1,1,
530,rozenprieel,3,3,
531,amsterdamse buurt,1,1,
532,amsterdamse buurt,1,1,
533,burgwal,1,1,
534,burgwal,1,2,
535,amsterdamse buurt,1,1,
536,amsterdamse buurt,1,1,nut door spaarzaamheid
537,rozenprieel,3,3,
538,burgwal,1,2,
539,amsterdamse buurt,1,1,
540,stationsbuurt,6,2,
541,kamp,3,3,
542,kamp,3,3,
543,amsterdamse buurt,1,1,
544,stationsbuurt,6,2,
545,burgwal,1,1,
546,frans hals buurt,6,2,
547,leidse buurt,4,3,
548,frans hals buurt,6,2,
549,vijfhoek,4,3,
550,burgwal,1,2,
551,amsterdamse buurt,1,1,
552,burgwal,1,2,
553,amsterdamse buurt,1,1,
554,rozenprieel,3,3,
555,amsterdamse buurt,1,1,
556,amsterdamse buurt,1,1,
557,heiligland,3,3,
558,amsterdamse buurt,1,1,
559,rozenprieel,3,3,
560,amsterdamse buurt,1,1,
561,burgwal,1,1,
562,amsterdamse buurt,1,1,
563,leidse buurt,4,3,
564,rozenprieel,3,3,
565,heiligland,3,3,
566,amsterdamse buurt,1,1,ons doel en streven
567,amsterdamse buurt,1,1,nut door spaarzaamheid
568,burgwal,1,2,
569,rozenprieel,3,3,
570,heiligland,3,3,
571,burgwal,1,2,
572,leidse buurt,4,3,
573,amsterdamse buurt,1,1,
575,amsterdamse buurt,1,1,
576,amsterdamse buurt,1,1,
577,burgwal,1,2,
578,stationsbuurt,6,2,
579,burgwal,1,2,
580,hout,3,3,
581,leidse buurt,4,3,
582,amsterdamse buurt,1,1,ons doel en streven
583,schoten,0,0,
584,bakenes,2,2,
585,rozenprieel,3,3,
586,leidse buurt,4,3,
587,rozenprieel,3,3,
588,leidse buurt,4,3,
589,amsterdamse buurt,1,1,
590,kamp,3,3,
591,bakenes,2,2,
592,leidse buurt,4,3,
593,rozenprieel,3,3,
594,burgwal,1,1,
595,amsterdamse buurt,1,2,
596,vijfhoek,4,3,
597,vijfhoek,4,3,
598,kamp,3,3,
599,haarlemmerliede,0,0,
600,centrum,5,1,
601,vijfhoek,4,3,
602,amsterdamse buurt,1,1,
603,amsterdamse buurt,1,1,
604,amsterdamse buurt,1,1,
605,rozenprieel,3,3,
606,vijfhoek,4,3,
607,leidse buurt,4,3,
608,amsterdamse buurt,1,1,
609,amsterdamse buurt,1,1,
610,frans hals buurt,6,2,
611,hout,4,3,
612,amsterdamse buurt,1,1,
613,schoten,0,0,
614,rozenprieel,3,3,
615,rozenprieel,3,3,
616,leidse buurt,4,3,
617,centrum,5,2,
618,centrum,5,1,
619,burgwal,1,1,
620,rozenprieel,3,3,
621,rozenprieel,3,3,
622,amsterdamse buurt,1,1,
623,amsterdamse buurt,1,1,
624,amsterdamse buurt,1,1,ons doel en streven
625,burgwal,1,1,
626,stationsbuurt,6,2,
627,amsterdamse buurt,1,1,
628,burgwal,1,1,
629,burgwal,1,1,
630,burgwal,1,2,
631,bakenes,2,2,
632,heiligland,3,3,
633,bakenes,2,2,
634,amsterdamse buurt,1,1,
635,amsterdamse buurt,1,1,nut door spaarzaamheid
636,zijlweg,5,1,
637,burgwal,1,1,
638,amsterdamse buurt,1,1,
639,amsterdamse buurt,1,1,
641,leidse buurt,4,3,
642,burgwal,1,1,
643,burgwal,1,1,
644,burgwal,1,2,
645,rozenprieel,3,3,
646,amsterdamse buurt,1,1,
647,rozenprieel,3,3,
648,burgwal,1,2,
649,burgwal,1,1,
650,vijfhoek,4,3,
651,rozenprieel,3,3,
652,burgwal,1,1,
653,amsterdamse buurt,1,1,
654,amsterdamse buurt,1,1,
655,vijfhoek,4,1,
656,amsterdamse buurt,1,1,
657,centrum,5,2,
658,amsterdamse buurt,1,1,nut door spaarzaamheid
659,burgwal,1,2,
660,rozenprieel,3,3,
661,amsterdamse buurt,1,1,ons doel en streven
662,kamp,3,3,
663,rozenprieel,3,3,
664,amsterdamse buurt,1,1,
665,bakenes,2,1,
666,burgwal,1,2,
667,amsterdamse buurt,1,1,
668,amsterdamse buurt,1,1,
669,amsterdamse buurt,1,1,ons doel en streven
670,amsterdamse buurt,1,1,
671,amsterdamse buurt,1,1,
672,rozenprieel,3,3,
673,amsterdamse buurt,1,1,
674,burgwal,1,1,
675,rozenprieel,3,3,
676,stationsbuurt,6,2,
677,burgwal,1,2,
678,burgwal,1,1,
679,frans hals buurt,6,2,
680,amsterdamse buurt,1,1,
681,amsterdamse buurt,1,1,
682,rozenprieel,3,3,
683,burgwal,1,1,
684,amsterdamse buurt,1,1,
685,rozenprieel,3,3,
686,rozenprieel,3,3,
687,rozenprieel,3,3,
688,centrum,5,1,
689,amsterdamse buurt,1,1,
690,amsterdamse buurt,1,1,
691,burgwal,1,1,
692,amsterdamse buurt,1,1,
693,amsterdamse buurt,1,1,
694,amsterdamse buurt,1,1,
695,rozenprieel,3,3,
696,amsterdamse buurt,1,1,
697,amsterdamse buurt,1,1,
698,amsterdamse buurt,1,1,
699,amsterdamse buurt,1,1,
700,rozenprieel,3,3,
701,rozenprieel,3,3,
702,burgwal,1,2,
703,burgwal,1,1,
704,amsterdamse buurt,1,1,
705,amsterdamse buurt,1,1,
706,rozenprieel,3,3,
707,amsterdamse buurt,1,1,
708,centrum,2,1,
709,burgwal,1,2,
710,amsterdamse buurt,1,1,
711,rozenprieel,3,3,
712,burgwal,1,1,
713,rozenprieel,3,3,
714,amsterdamse buurt,1,1,
715,rozenprieel,3,3,
716,burgwal,1,1,
717,burgwal,1,1,
718,vijfhoek,4,3,
719,leidse buurt,4,3,
720,rozenprieel,3,3,
721,centrum,5,2,
722,heiligland,3,3,
723,rozenprieel,3,3,
724,rozenprieel,3,3,
725,rozenprieel,3,3,
726,frans hals buurt,6,2,
727,bakenes,2,2,
728,amsterdamse buurt,1,1,
729,amsterdamse buurt,1,1,
730,leidse buurt,4,3,
731,schoten,0,0,
732,centrum,4,1,
733,rozenprieel,3,3,
734,rozenprieel,3,3,
735,zijlweg,5,2,
736,amsterdamse buurt,1,1,nut door spaarzaamheid
737,vijfhoek,4,3,
738,burgwal,1,1,
739,rozenprieel,3,3,
740,leidse buurt,4,3,
741,rozenprieel,3,3,
742,amsterdamse buurt,1,1,nut door spaarzaamheid
743,amsterdamse buurt,1,1,
744,stationsbuurt,6,2,
745,rozenprieel,3,3,
746,schoten,0,0,
747,leidse buurt,4,3,
748,rozenprieel,3,3,
749,vijfhoek,4,3,
750,rozenprieel,3,3,
751,burgwal,1,1,
752,centrum,5,2,
753,amsterdamse buurt,1,1,ons doel en streven
754,amsterdamse buurt,1,1,
755,amsterdamse buurt,1,1,
756,amsterdamse buurt,1,1,
757,rozenprieel,3,3,
758,burgwal,1,1,
759,frans hals buurt,6,2,
760,leidse buurt,4,3,
761,leidse buurt,4,3,
762,heiligland,3,3,
763,frans hals buurt,6,2,
764,rozenprieel,3,3,
765,amsterdamse buurt,1,1,
766,frans hals buurt,6,2,
767,burgwal,1,1,
768,rozenprieel,3,3,
769,rozenprieel,3,3,
770,heiligland,3,3,
771,amsterdamse buurt,1,1,
772,stationsbuurt,6,2,
773,kamp,3,3,
774,bakenes,2,2,
775,amsterdamse buurt,1,1,
776,amsterdamse buurt,1,1,
777,amsterdamse buurt,1,1,ons doel en streven
778,amsterdamse buurt,1,1,
779,amsterdamse buurt,1,1,
780,amsterdamse buurt,1,1,
781,vijfhoek,4,1,
782,amsterdamse buurt,1,1,
783,rozenprieel,3,3,
784,amsterdamse buurt,1,1,
785,amsterdamse buurt,1,1,
786,amsterdamse buurt,1,1,
787,burgwal,1,1,
788,amsterdamse buurt,1,1,
789,amsterdamse buurt,1,1,
790,rozenprieel,3,3,
791,amsterdamse buurt,1,1,
792,amsterdamse buurt,1,1,
793,amsterdamse buurt,1,1,
794,amsterdamse buurt,1,1,
795,bakenes,2,1,
796,amsterdamse buurt,1,1,
797,amsterdamse buurt,1,1,
798,rozenprieel,3,3,
799,amsterdamse buurt,1,1,
800,amsterdamse buurt,1,1,nut door spaarzaamheid
801,amsterdamse buurt,1,1,
802,amsterdamse buurt,1,1,
803,rozenprieel,3,3,
804,rozenprieel,3,3,
805,vijfhoek,4,1,
806,bakenes,2,1,
807,centrum,5,2,
808,rozenprieel,3,3,
809,rozenprieel,3,3,
810,heiligland,3,3,
811,amsterdamse buurt,1,1,
812,amsterdamse buurt,1,1,
813,amsterdamse buurt,1,1,
814,amsterdamse buurt,1,1,
815,amsterdamse buurt,1,1,
816,rozenprieel,3,3,
817,amsterdamse buurt,1,1,nut door spaarzaamheid
818,burgwal,1,1,
819,rozenprieel,3,3,
820,rozenprieel,3,3,
821,frans hals buurt,6,2,
822,bakenes,2,2,
823,amsterdamse buurt,1,1,
824,amsterdamse buurt,1,1,
825,vijfhoek,4,3,
826,rozenprieel,3,3,
827,amsterdamse buurt,1,1,
828,amsterdamse buurt,1,1,
829,burgwal,1,2,
830,burgwal,1,1,
831,burgwal,1,1,
832,rozenprieel,3,3,
833,amsterdamse buurt,1,1,
834,amsterdamse buurt,1,1,
835,amsterdamse buurt,1,1,
836,rozenprieel,3,3,
837,amsterdamse buurt,1,1,
838,frans hals buurt,6,2,
839,burgwal,1,1,
840,vijfhoek,4,1,
841,rozenprieel,3,3,
842,rozenprieel,3,3,
843,rozenprieel,3,3,
844,rozenprieel,3,3,
845,zijlweg,5,2,
846,amsterdamse buurt,1,1,ons doel en streven
847,rozenprieel,3,3,
848,heiligland,3,3,
849,rozenprieel,3,3,
850,amsterdamse buurt,1,1,
851,amsterdamse buurt,1,1,nut door spaarzaamheid
852,centrum,5,2,
853,amsterdamse buurt,1,1,
854,bakenes,2,2,
855,amsterdamse buurt,1,1,
856,stationsbuurt,6,2,
857,vijfhoek,4,3,
858,rozenprieel,3,3,
859,amsterdamse buurt,1,1,
860,frans hals buurt,6,2,
861,heiligland,3,3,
862,heemstede,0,0,
863,vijfhoek,4,3,
864,heiligland,3,3,
865,amsterdamse buurt,1,1,nut door spaarzaamheid
866,schoten,0,0,
867,schoten,0,0,
868,leidse buurt,4,3,
869,frans hals buurt,6,2,
870,schoten,0,0,
871,stationsbuurt,6,2,
872,burgwal,1,1,
873,amsterdamse buurt,1,1,
874,amsterdamse buurt,1,1,
875,amsterdamse buurt,1,1,
876,amsterdamse buurt,1,1,
877,leidse buurt,4,3,
878,rozenprieel,3,3,
879,amsterdamse buurt,1,1,
880,amsterdamse buurt,1,1,
881,haarlemmerliede,0,0,
882,schoten,0,0,
883,burgwal,1,2,
884,vijfhoek,4,3,
885,leidse buurt,4,3,
886,amsterdamse buurt,1,1,
887,rozenprieel,3,3,
888,amsterdamse buurt,1,1,
889,amsterdamse buurt,1,1,
890,zijlweg,5,2,
891,amsterdamse buurt,1,1,
892,amsterdamse buurt,1,1,
893,amsterdamse buurt,1,1,
894,frans hals buurt,6,2,
895,burgwal,1,2,
896,heiligland,3,3,
897,amsterdamse buurt,1,1,
898,amsterdamse buurt,1,1,
899,amsterdamse buurt,1,1,
900,amsterdamse buurt,1,1,
901,amsterdamse buurt,1,1,
902,burgwal,1,2,
903,amsterdamse buurt,1,1,
904,amsterdamse buurt,1,1,
905,rozenprieel,3,3,
906,rozenprieel,3,3,
907,amsterdamse buurt,1,1,nut door spaarzaamheid
908,frans hals buurt,6,2,
909,amsterdamse buurt,1,1,
910,amsterdamse buurt,1,1,
911,amsterdamse buurt,1,1,
912,amsterdamse buurt,1,1,
913,amsterdamse buurt,1,1,
914,amsterdamse buurt,1,1,
915,amsterdamse buurt,1,1,
916,amsterdamse buurt,1,1,
917,vijfhoek,4,3,
918,rozenprieel,3,3,
919,burgwal,1,2,
920,amsterdamse buurt,1,1,ons doel en streven
921,amsterdamse buurt,1,1,
922,rozenprieel,3,3,
923,amsterdamse buurt,1,1,
924,rozenprieel,3,3,
925,rozenprieel,3,3,
926,rozenprieel,3,3,
927,vijfhoek,4,3,
928,amsterdamse buurt,1,1,nut door spaarzaamheid
929,rozenprieel,3,3,
930,amsterdamse buurt,1,1,ons doel en streven
931,leidse buurt,4,3,
932,amsterdamse buurt,1,1,
933,amsterdamse buurt,1,1,
934,vijfhoek,4,3,
935,rozenprieel,3,3,
936,zijlweg,6,2,
937,leidse buurt,4,3,
938,centrum,4,1,
939,vijfhoek,4,3,
940,amsterdamse buurt,1,1,
941,rozenprieel,3,3,
942,heiligland,3,3,
943,amsterdamse buurt,1,1,
944,amsterdamse buurt,1,1,
945,bakenes,2,2,
946,stationsbuurt,6,2,
947,burgwal,1,2,
948,rozenprieel,3,3,
949,amsterdamse buurt,1,1,
950,amsterdamse buurt,1,1,
951,rozenprieel,3,3,
952,amsterdamse buurt,1,1,
953,stationsbuurt,6,2,
954,burgwal,1,2,
955,amsterdamse buurt,1,1,ons doel en streven
956,bakenes,2,2,
957,amsterdamse buurt,1,1,nut door spaarzaamheid
959,frans hals buurt,6,2,
960,hout,3,3,
961,kamp,3,3,
962,frans hals buurt,6,2,
963,burgwal,1,2,
964,burgwal,1,1,
965,rozenprieel,3,3,
967,amsterdamse buurt,1,1,
968,rozenprieel,3,3,
969,burgwal,1,1,
970,bloemendaal,0,0,
971,leidse buurt,4,3,
972,frans hals buurt,6,2,
973,amsterdamse buurt,1,1,
974,leidse buurt,4,3,
975,amsterdamse buurt,1,1,
976,burgwal,1,1,
977,burgwal,1,1,
978,rozenprieel,3,3,
979,bakenes,2,2,
980,burgwal,1,2,
981,frans hals buurt,6,2,
982,amsterdamse buurt,1,1,
983,amsterdamse buurt,1,1,
984,burgwal,1,1,
985,rozenprieel,3,3,
986,leidse buurt,4,3,
987,amsterdamse buurt,1,1,
988,amsterdamse buurt,1,1,
989,amsterdamse buurt,1,1,
990,amsterdamse buurt,1,1,
991,amsterdamse buurt,1,1,
992,vijfhoek,4,3,
993,rozenprieel,3,3,
994,amsterdamse buurt,1,1,nut door spaarzaamheid
995,rozenprieel,3,3,
996,rozenprieel,3,3,
997,rozenprieel,3,3,
998,stationsbuurt,6,2,
999,amsterdamse buurt,1,1,
1000,leidse buurt,4,3,
1001,vijfhoek,4,3,
1002,amsterdamse buurt,1,1,
1003,amsterdamse buurt,1,1,
1004,heiligland,3,3,
1005,schoten,0,0,
1006,rozenprieel,3,3,
1007,frans hals buurt,6,2,
1008,burgwal,1,1,
1009,rozenprieel,3,3,
1010,amsterdamse buurt,1,1,
1011,frans hals buurt,6,2,
1012,burgwal,1,1,
1013,stationsbuurt,6,2,
1014,stationsbuurt,6,2,
1015,frans hals buurt,6,2,
1016,amsterdamse buurt,1,1,nut door spaarzaamheid
1017,leidse buurt,4,3,
1018,amsterdamse buurt,1,1,
1019,amsterdamse buurt,1,1,ons doel en streven
1020,rozenprieel,3,3,
1021,burgwal,1,2,
1022,rozenprieel,3,3,
1023,burgwal,1,1,
1024,amsterdamse buurt,1,1,
1025,rozenprieel,3,3,
1026,vijfhoek,4,3,
1027,amsterdamse buurt,1,1,nut door spaarzaamheid
1028,leidse buurt,4,3,
1029,amsterdamse buurt,1,1,
1030,rozenprieel,3,3,
1031,schoten,0,0,
1032,leidse buurt,4,3,
1033,amsterdamse buurt,1,1,
1034,rozenprieel,3,3,
1035,rozenprieel,3,3,
1036,burgwal,1,1,
1037,bakenes,2,2,
1038,amsterdamse buurt,1,1,nut door spaarzaamheid
1039,burgwal,1,1,
1040,amsterdamse buurt,1,1,
1041,burgwal,1,2,
1042,schoten,0,0,
1043,rozenprieel,3,3,
1044,schoten,0,0,
1045,burgwal,1,1,
1046,burgwal,1,2,
1047,rozenprieel,3,3,
1048,heiligland,3,3,
1049,amsterdamse buurt,1,1,
1050,burgwal,1,2,
1051,burgwal,1,1,
1052,amsterdamse buurt,1,1,ons doel en streven
1053,leidse buurt,4,3,
1054,stationsbuurt,6,2,
1055,leidse buurt,4,3,
1056,vijfhoek,4,3,
1057,burgwal,1,1,
1058,rozenprieel,3,3,
1059,rozenprieel,3,3,
1060,amsterdamse buurt,1,1,
1061,burgwal,1,2,
1062,amsterdamse buurt,1,1,
1063,rozenprieel,3,3,
1064,burgwal,1,1,
1065,centrum,5,2,
1067,amsterdamse buurt,1,1,
1068,amsterdamse buurt,1,1,
1069,amsterdamse buurt,1,1,
1070,rozenprieel,3,3,
1071,rozenprieel,3,3,
1072,vijfhoek,4,3,
1073,kamp,3,3,
1074,schoten,0,0,
1075,amsterdamse buurt,1,1,
1076,schoten,0,0,
1077,amsterdamse buurt,1,1,
1078,amsterdamse buurt,1,1,
1080,hout,4,3,
1081,burgwal,1,1,
1082,amsterdamse buurt,1,1,
1083,amsterdamse buurt,1,1,
1084,burgwal,1,1,
1085,amsterdamse buurt,1,1,
1086,bakenes,2,2,
1087,frans hals buurt,6,2,
1088,amsterdamse buurt,1,1,
1089,kamp,3,3,
1090,leidse buurt,4,3,
1091,zijlweg,6,2,
1092,centrum,5,1,
1093,leidse buurt,4,3,
1094,amsterdamse buurt,1,1,
1095,burgwal,1,2,
1096,zijlweg,5,2,
1097,schoten,0,0,
1098,haarlemmerliede,0,0,
1099,zijlweg,6,2,
1100,amsterdamse buurt,1,1,
1101,amsterdamse buurt,1,1,
1102,kamp,3,3,
1103,amsterdamse buurt,1,1,nut door spaarzaamheid
1104,amsterdamse buurt,1,1,
1105,amsterdamse buurt,1,1,
1106,amsterdamse buurt,1,1,nut door spaarzaamheid
1107,rozenprieel,3,3,
1108,rozenprieel,3,3,
1109,burgwal,1,2,
1110,amsterdamse buurt,1,1,
1111,amsterdamse buurt,1,1,
1112,amsterdamse buurt,1,1,
1113,amsterdamse buurt,1,1,
1114,rozenprieel,3,3,
1115,amsterdamse buurt,1,1,
1116,rozenprieel,3,3,
1117,amsterdamse buurt,1,1,
1118,schoten,0,0,
1119,amsterdamse buurt,1,1,
1120,burgwal,1,2,
1121,amsterdamse buurt,1,1,
1122,burgwal,1,2,
1123,rozenprieel,3,3,
1124,rozenprieel,3,3,
1125,amsterdamse buurt,1,1,nut door spaarzaamheid
1127,amsterdamse buurt,1,1,
1128,haarlemmerliede,0,0,
1129,frans hals buurt,6,2,
1130,amsterdamse buurt,1,1,nut door spaarzaamheid
1131,hout,3,3,
1132,amsterdamse buurt,1,1,nut door spaarzaamheid
1133,frans hals buurt,6,2,
1134,amsterdamse buurt,1,1,nut door spaarzaamheid
1135,bakenes,2,1,
1136,amsterdamse buurt,1,1,nut door spaarzaamheid
1137,amsterdamse buurt,1,1,
1138,amsterdamse buurt,1,1,
1139,amsterdamse buurt,1,1,
1140,frans hals buurt,6,2,
1142,rozenprieel,3,3,
1143,burgwal,6,2,
1144,frans hals buurt,6,2,
1145,amsterdamse buurt,1,1,
1146,rozenprieel,3,3,
1147,schoten,0,0,
1148,burgwal,1,1,
1149,rozenprieel,3,3,
1150,amsterdamse buurt,1,1,ons doel en streven
1151,burgwal,1,2,
1152,rozenprieel,3,3,
1153,amsterdamse buurt,1,1,
1154,vijfhoek,4,3,
1155,amsterdamse buurt,1,1,nut door spaarzaamheid
1156,rozenprieel,3,3,
1157,rozenprieel,3,3,
1158,vijfhoek,4,3,
1159,amsterdamse buurt,1,1,
1160,rozenprieel,3,3,
1161,amsterdamse buurt,1,1,ons doel en streven
1162,heiligland,3,3,
1163,heiligland,3,3,
2001,burgwal,1,1,
2002,rozenprieel,3,3,
2003,amsterdamse buurt,1,1,
2004,amsterdamse buurt,1,1,
2005,rozenprieel,3,3,
2006,amsterdamse buurt,1,1,
2007,frans hals buurt,6,2,
2008,rozenprieel,3,3,
2010,burgwal,1,2,
2012,amsterdamse buurt,1,1,
2013,rozenprieel,3,3,
2014,burgwal,1,1,
2015,kamp,3,3,
2016,stationsbuurt,6,2,
2017,stationsbuurt,6,2,
2018,amsterdamse buurt,1,1,ons doel en streven
2019,burgwal,1,2,
2021,amsterdamse buurt,1,1,nut door spaarzaamheid
2023,burgwal,1,1,
2024,amsterdamse buurt,1,1,
2025,hout,3,3,
2026,amsterdamse buurt,1,1,
2027,amsterdamse buurt,1,1,
2028,centrum,5,1,
2029,amsterdamse buurt,1,1,
2030,amsterdamse buurt,1,1,
2031,amsterdamse buurt,1,1,
2033,amsterdamse buurt,1,1,
2034,amsterdamse buurt,1,1,
2036,amsterdamse buurt,1,1,
2038,amsterdamse buurt,1,1,
2039,amsterdamse buurt,1,1,
2040,amsterdamse buurt,1,1,
2041,burgwal,1,1,
2044,burgwal,1,2,
2045,burgwal,1,1,
2046,burgwal,1,2,
2047,centrum,2,1,
2053,schoten,0,0,
2054,burgwal,1,1,
2055,amsterdamse buurt,1,1,
2056,rozenprieel,3,3,
2057,amsterdamse buurt,1,1,
2058,amsterdamse buurt,1,1,ons doel en streven
2059,burgwal,1,1,
2060,amsterdamse buurt,1,1,
2061,amsterdamse buurt,1,1,
2062,amsterdamse buurt,1,1,
2064,amsterdamse buurt,1,1,
2065,amsterdamse buurt,1,1,
3001,hout,4,3,
3002,centrum,5,2,
3003,hout,3,3,
3004,hout,3,3,
3005,zijlweg,6,2,
3006,burgwal,1,1,
3007,frans hals buurt,6,2,
3008,zijlweg,5,2,
3009,stationsbuurt,6,2,
3010,zijlweg,4,2,
3011,centrum,5,1,
3012,stationsbuurt,6,2,
3014,stationsbuurt,6,2,
3015,bakenes,2,2,
3016,centrum,5,2,
3017,stationsbuurt,6,2,
3019,hout,4,3,
3020,rozenprieel,3,3,
3021,centrum,5,1,
3022,velsen,0,0,
3023,zijlweg,5,2,
3024,centrum,5,1,
3025,stationsbuurt,6,2,
3026,hout,3,3,
3027,hout,4,3,
3028,kamp,3,3,
3029,zijlweg,5,2,
3030,hout,3,3,
3031,zijlweg,5,2,
3032,zijlweg,5,2,
3033,frans hals buurt,6,2,
3034,stationsbuurt,6,2,
3035,stationsbuurt,6,2,
3036,burgwal,1,2,
3037,zijlweg,5,2,
3038,bakenes,2,2,
3039,bakenes,2,1,
3040,zijlweg,4,2,
3041,stationsbuurt,6,2,
3042,rozenprieel,3,3,
3043,burgwal,1,1,
3044,kamp,3,3,
3045,zijlweg,6,2,
3046,centrum,5,2,
3047,heiligland,3,3,
3048,bakenes,2,1,
3050,amsterdamse buurt,1,1,
3051,centrum,5,1,
3052,heiligland,3,3,
3053,zijlweg,5,2,
3054,zijlweg,5,2,
3055,amsterdamse buurt,1,1,
3056,rozenprieel,3,3,
3057,zijlweg,5,2,
3058,zijlweg,5,2,
3059,zijlweg,5,2,
3060,rozenprieel,3,3,
3061,stationsbuurt,6,2,
3062,rozenprieel,3,3,
3063,rozenprieel,3,3,
3064,zijlweg,5,2,
3066,burgwal,1,1,
3067,amsterdamse buurt,1,1,
3068,rozenprieel,3,3,
3069,stationsbuurt,6,2,
3070,zijlweg,5,2,
3071,leidse buurt,4,3,
3072,zijlweg,5,2,
3073,zijlweg,5,2,
3075,stationsbuurt,6,2,
3076,leidse buurt,4,3,
3077,zijlweg,5,2,
3078,zijlweg,6,2,
