naam,uri_naam,uri_amco,amco,cbs_code,geonames,startjaar,eindjaar,provincie
Aalsmeer,http://www.gemeentegeschiedenis.nl/gemeentenaam/Aalsmeer,http://www.gemeentegeschiedenis.nl/amco/11264,11264,358,2760133,oudsher,heden,Noord-Holland
Abbekerk,http://www.gemeentegeschiedenis.nl/gemeentenaam/Abbekerk,http://www.gemeentegeschiedenis.nl/amco/10439,10439,359,0,oudsher,1979,Noord-Holland
Akersloot,http://www.gemeentegeschiedenis.nl/gemeentenaam/Akersloot,http://www.gemeentegeschiedenis.nl/amco/10346,10346,360,0,oudsher,2002,Noord-Holland
Alkmaar,http://www.gemeentegeschiedenis.nl/gemeentenaam/Alkmaar,http://www.gemeentegeschiedenis.nl/amco/10527,10527,361,2759898,oudsher,heden,Noord-Holland
Amstelveen,http://www.gemeentegeschiedenis.nl/gemeentenaam/Amstelveen,http://www.gemeentegeschiedenis.nl/amco/10799,10799,362,2759797,1964,heden,Noord-Holland
Amsterdam,http://www.gemeentegeschiedenis.nl/gemeentenaam/Amsterdam,http://www.gemeentegeschiedenis.nl/amco/11150,11150,363,2759793,oudsher,heden,Noord-Holland
Andijk,http://www.gemeentegeschiedenis.nl/gemeentenaam/Andijk,http://www.gemeentegeschiedenis.nl/amco/10822,10822,364,0,oudsher,2011,Noord-Holland
Ankeveen,http://www.gemeentegeschiedenis.nl/gemeentenaam/Ankeveen,http://www.gemeentegeschiedenis.nl/amco/10936,10936,1014,0,1818,1966,Noord-Holland
Anna Paulowna,http://www.gemeentegeschiedenis.nl/gemeentenaam/Anna_Paulowna,http://www.gemeentegeschiedenis.nl/amco/10344,10344,366,0,1870,heden,Noord-Holland
Assendelft,http://www.gemeentegeschiedenis.nl/gemeentenaam/Assendelft,http://www.gemeentegeschiedenis.nl/amco/11373,11373,367,0,oudsher,1974,Noord-Holland
Avenhorn,http://www.gemeentegeschiedenis.nl/gemeentenaam/Avenhorn,http://www.gemeentegeschiedenis.nl/amco/11147,11147,368,0,oudsher,1979,Noord-Holland
Bangert,http://www.gemeentegeschiedenis.nl/gemeentenaam/Bangert,http://www.gemeentegeschiedenis.nl/amco/10642,10642,1246,0,1979,1980,Noord-Holland
Barsingerhorn,http://www.gemeentegeschiedenis.nl/gemeentenaam/Barsingerhorn,http://www.gemeentegeschiedenis.nl/amco/10973,10973,369,0,oudsher,1990,Noord-Holland
Beemster,http://www.gemeentegeschiedenis.nl/gemeentenaam/Beemster,http://www.gemeentegeschiedenis.nl/amco/10816,10816,370,2759320,oudsher,heden,Noord-Holland
Beets,http://www.gemeentegeschiedenis.nl/gemeentenaam/Beets,http://www.gemeentegeschiedenis.nl/amco/10536,10536,371,0,oudsher,1970,Noord-Holland
Bennebroek,http://www.gemeentegeschiedenis.nl/gemeentenaam/Bennebroek,http://www.gemeentegeschiedenis.nl/amco/10734,10734,372,0,1817,2009,Noord-Holland
Bergen [NH],http://www.gemeentegeschiedenis.nl/gemeentenaam/Bergen_NH,http://www.gemeentegeschiedenis.nl/amco/11424,11424,373,2759151,oudsher,heden,Noord-Holland
Berkenrode,http://www.gemeentegeschiedenis.nl/gemeentenaam/Berkenrode,http://www.gemeentegeschiedenis.nl/amco/10223,10223,1306,0,1817,1857,Noord-Holland
Berkhout,http://www.gemeentegeschiedenis.nl/gemeentenaam/Berkhout,http://www.gemeentegeschiedenis.nl/amco/10354,10354,374,0,oudsher,1979,Noord-Holland
Beverwijk,http://www.gemeentegeschiedenis.nl/gemeentenaam/Beverwijk,http://www.gemeentegeschiedenis.nl/amco/10272,10272,375,2758997,oudsher,heden,Noord-Holland
Bijlmermeer,http://www.gemeentegeschiedenis.nl/gemeentenaam/Bijlmermeer,http://www.gemeentegeschiedenis.nl/amco/11272,11272,1309,0,1817,1848,Noord-Holland
Blaricum,http://www.gemeentegeschiedenis.nl/gemeentenaam/Blaricum,http://www.gemeentegeschiedenis.nl/amco/10493,10493,376,2758867,1817,heden,Noord-Holland
Bloemendaal,http://www.gemeentegeschiedenis.nl/gemeentenaam/Bloemendaal,http://www.gemeentegeschiedenis.nl/amco/10850,10850,377,2758802,oudsher,heden,Noord-Holland
Blokker,http://www.gemeentegeschiedenis.nl/gemeentenaam/Blokker,http://www.gemeentegeschiedenis.nl/amco/10804,10804,378,0,oudsher,1979,Noord-Holland
Bovenkarspel,http://www.gemeentegeschiedenis.nl/gemeentenaam/Bovenkarspel,http://www.gemeentegeschiedenis.nl/amco/10945,10945,379,0,oudsher,1979,Noord-Holland
Broek in Waterland,http://www.gemeentegeschiedenis.nl/gemeentenaam/Broek_in_Waterland,http://www.gemeentegeschiedenis.nl/amco/10289,10289,380,0,oudsher,1991,Noord-Holland
Broek op Langendijk,http://www.gemeentegeschiedenis.nl/gemeentenaam/Broek_op_Langendijk,http://www.gemeentegeschiedenis.nl/amco/10955,10955,1031,0,oudsher,1941,Noord-Holland
Buiksloot,http://www.gemeentegeschiedenis.nl/gemeentenaam/Buiksloot,http://www.gemeentegeschiedenis.nl/amco/10961,10961,1034,0,oudsher,1921,Noord-Holland
Bussum,http://www.gemeentegeschiedenis.nl/gemeentenaam/Bussum,http://www.gemeentegeschiedenis.nl/amco/10281,10281,381,2758063,1817,heden,Noord-Holland
Callantsoog,http://www.gemeentegeschiedenis.nl/gemeentenaam/Callantsoog,http://www.gemeentegeschiedenis.nl/amco/10559,10559,382,0,1817,1990,Noord-Holland
Castricum,http://www.gemeentegeschiedenis.nl/gemeentenaam/Castricum,http://www.gemeentegeschiedenis.nl/amco/11287,11287,383,2757990,oudsher,heden,Noord-Holland
Diemen,http://www.gemeentegeschiedenis.nl/gemeentenaam/Diemen,http://www.gemeentegeschiedenis.nl/amco/11039,11039,384,2756887,oudsher,heden,Noord-Holland
Drechterland,http://www.gemeentegeschiedenis.nl/gemeentenaam/Drechterland,http://www.gemeentegeschiedenis.nl/amco/10642,10642,498,6544254,1980,heden,Noord-Holland
Durgerdam,http://www.gemeentegeschiedenis.nl/gemeentenaam/Durgerdam,http://www.gemeentegeschiedenis.nl/amco/10947,10947,,0,1817,1818,Noord-Holland
Edam,http://www.gemeentegeschiedenis.nl/gemeentenaam/Edam,http://www.gemeentegeschiedenis.nl/amco/10884,10884,1315,0,oudsher,1975,Noord-Holland
Edam-Volendam,http://www.gemeentegeschiedenis.nl/gemeentenaam/Edam-Volendam,http://www.gemeentegeschiedenis.nl/amco/10884,10884,385,2756430,1975,heden,Noord-Holland
Egmond,http://www.gemeentegeschiedenis.nl/gemeentenaam/Egmond,http://www.gemeentegeschiedenis.nl/amco/10421,10421,357,0,1978,2001,Noord-Holland
Egmond aan Zee,http://www.gemeentegeschiedenis.nl/gemeentenaam/Egmond_aan_Zee,http://www.gemeentegeschiedenis.nl/amco/10421,10421,386,0,oudsher,1978,Noord-Holland
Egmond-Binnen,http://www.gemeentegeschiedenis.nl/gemeentenaam/Egmond-Binnen,http://www.gemeentegeschiedenis.nl/amco/10989,10989,387,0,oudsher,1978,Noord-Holland
Enkhuizen,http://www.gemeentegeschiedenis.nl/gemeentenaam/Enkhuizen,http://www.gemeentegeschiedenis.nl/amco/10729,10729,388,2756076,oudsher,heden,Noord-Holland
Etersheim,http://www.gemeentegeschiedenis.nl/gemeentenaam/Etersheim,http://www.gemeentegeschiedenis.nl/amco/11158,11158,1316,0,1817,1848,Noord-Holland
Graft,http://www.gemeentegeschiedenis.nl/gemeentenaam/Graft,http://www.gemeentegeschiedenis.nl/amco/10484,10484,389,0,oudsher,1970,Noord-Holland
Graft-De Rijp,http://www.gemeentegeschiedenis.nl/gemeentenaam/Graft-De_Rijp,http://www.gemeentegeschiedenis.nl/amco/11417,11417,365,2755374,1970,heden,Noord-Holland
's-Graveland,http://www.gemeentegeschiedenis.nl/gemeentenaam/s-Graveland,http://www.gemeentegeschiedenis.nl/amco/10534,10534,390,0,oudsher,2002,Noord-Holland
Groet,http://www.gemeentegeschiedenis.nl/gemeentenaam/Groet,http://www.gemeentegeschiedenis.nl/amco/10200,10200,1323,0,1817,1834,Noord-Holland
Grootebroek,http://www.gemeentegeschiedenis.nl/gemeentenaam/Grootebroek,http://www.gemeentegeschiedenis.nl/amco/11337,11337,391,0,oudsher,1979,Noord-Holland
Grosthuizen,http://www.gemeentegeschiedenis.nl/gemeentenaam/Grosthuizen,http://www.gemeentegeschiedenis.nl/amco/11271,11271,1324,0,1817,1854,Noord-Holland
Haarlem,http://www.gemeentegeschiedenis.nl/gemeentenaam/Haarlem,http://www.gemeentegeschiedenis.nl/amco/10357,10357,392,2755002,oudsher,heden,Noord-Holland
Haarlemmerliede,http://www.gemeentegeschiedenis.nl/gemeentenaam/Haarlemmerliede,http://www.gemeentegeschiedenis.nl/amco/10041,10041,1325,0,1817,1857,Noord-Holland
Haarlemmerliede en Spaarnwoude,http://www.gemeentegeschiedenis.nl/gemeentenaam/Haarlemmerliede_en_Spaarnwoude,http://www.gemeentegeschiedenis.nl/amco/10508,10508,393,2755000,1857,heden,Noord-Holland
Haarlemmermeer,http://www.gemeentegeschiedenis.nl/gemeentenaam/Haarlemmermeer,http://www.gemeentegeschiedenis.nl/amco/11387,11387,394,2754999,1855,heden,Noord-Holland
Harenkarspel,http://www.gemeentegeschiedenis.nl/gemeentenaam/Harenkarspel,http://www.gemeentegeschiedenis.nl/amco/10963,10963,395,2754836,oudsher,heden,Noord-Holland
Heemskerk,http://www.gemeentegeschiedenis.nl/gemeentenaam/Heemskerk,http://www.gemeentegeschiedenis.nl/amco/10679,10679,396,2754696,oudsher,heden,Noord-Holland
Heemstede,http://www.gemeentegeschiedenis.nl/gemeentenaam/Heemstede,http://www.gemeentegeschiedenis.nl/amco/11288,11288,397,2754691,oudsher,heden,Noord-Holland
Heerhugowaard,http://www.gemeentegeschiedenis.nl/gemeentenaam/Heerhugowaard,http://www.gemeentegeschiedenis.nl/amco/10752,10752,398,2754658,oudsher,heden,Noord-Holland
Heiloo,http://www.gemeentegeschiedenis.nl/gemeentenaam/Heiloo,http://www.gemeentegeschiedenis.nl/amco/10793,10793,399,2754515,oudsher,heden,Noord-Holland
Den Helder,http://www.gemeentegeschiedenis.nl/gemeentenaam/Den_Helder,http://www.gemeentegeschiedenis.nl/amco/10285,10285,400,2757219,oudsher,heden,Noord-Holland
Hensbroek,http://www.gemeentegeschiedenis.nl/gemeentenaam/Hensbroek,http://www.gemeentegeschiedenis.nl/amco/10181,10181,401,0,1817,1979,Noord-Holland
Hilversum,http://www.gemeentegeschiedenis.nl/gemeentenaam/Hilversum,http://www.gemeentegeschiedenis.nl/amco/11285,11285,402,2754063,oudsher,heden,Noord-Holland
Holysloot,http://www.gemeentegeschiedenis.nl/gemeentenaam/Holysloot,http://www.gemeentegeschiedenis.nl/amco/11234,11234,,0,1817,1818,Noord-Holland
Hoogkarspel,http://www.gemeentegeschiedenis.nl/gemeentenaam/Hoogkarspel,http://www.gemeentegeschiedenis.nl/amco/10642,10642,403,0,oudsher,1979,Noord-Holland
Hoogwoud,http://www.gemeentegeschiedenis.nl/gemeentenaam/Hoogwoud,http://www.gemeentegeschiedenis.nl/amco/11029,11029,404,0,oudsher,1979,Noord-Holland
Hoorn,http://www.gemeentegeschiedenis.nl/gemeentenaam/Hoorn,http://www.gemeentegeschiedenis.nl/amco/11392,11392,405,2753635,oudsher,heden,Noord-Holland
Houtrijk en Polanen,http://www.gemeentegeschiedenis.nl/gemeentenaam/Houtrijk_en_Polanen,http://www.gemeentegeschiedenis.nl/amco/11252,11252,1087,0,1817,1863,Noord-Holland
Huizen,http://www.gemeentegeschiedenis.nl/gemeentenaam/Huizen,http://www.gemeentegeschiedenis.nl/amco/11170,11170,406,2753467,oudsher,heden,Noord-Holland
Ilpendam,http://www.gemeentegeschiedenis.nl/gemeentenaam/Ilpendam,http://www.gemeentegeschiedenis.nl/amco/10809,10809,407,0,oudsher,1991,Noord-Holland
Jisp,http://www.gemeentegeschiedenis.nl/gemeentenaam/Jisp,http://www.gemeentegeschiedenis.nl/amco/10481,10481,408,0,oudsher,1991,Noord-Holland
Kalslagen,http://www.gemeentegeschiedenis.nl/gemeentenaam/Kalslagen,http://www.gemeentegeschiedenis.nl/amco/10724,10724,1334,0,1817,1854,Noord-Holland
Katwoude,http://www.gemeentegeschiedenis.nl/gemeentenaam/Katwoude,http://www.gemeentegeschiedenis.nl/amco/11136,11136,409,0,1817,1991,Noord-Holland
Koedijk,http://www.gemeentegeschiedenis.nl/gemeentenaam/Koedijk,http://www.gemeentegeschiedenis.nl/amco/10510,10510,410,0,oudsher,1972,Noord-Holland
Koggenland,http://www.gemeentegeschiedenis.nl/gemeentenaam/Koggenland,http://www.gemeentegeschiedenis.nl/amco/10354,10354,1598,6544220,2007,heden,Noord-Holland
Koog aan de Zaan,http://www.gemeentegeschiedenis.nl/gemeentenaam/Koog_aan_de_Zaan,http://www.gemeentegeschiedenis.nl/amco/10776,10776,411,0,oudsher,1974,Noord-Holland
Kortenhoef,http://www.gemeentegeschiedenis.nl/gemeentenaam/Kortenhoef,http://www.gemeentegeschiedenis.nl/amco/10467,10467,1097,0,oudsher,1966,Noord-Holland
Krommenie,http://www.gemeentegeschiedenis.nl/gemeentenaam/Krommenie,http://www.gemeentegeschiedenis.nl/amco/10373,10373,413,0,oudsher,1974,Noord-Holland
Kwadijk,http://www.gemeentegeschiedenis.nl/gemeentenaam/Kwadijk,http://www.gemeentegeschiedenis.nl/amco/10775,10775,414,0,1817,1970,Noord-Holland
Landsmeer,http://www.gemeentegeschiedenis.nl/gemeentenaam/Landsmeer,http://www.gemeentegeschiedenis.nl/amco/11225,11225,415,2751979,oudsher,heden,Noord-Holland
Langedijk,http://www.gemeentegeschiedenis.nl/gemeentenaam/Langedijk,http://www.gemeentegeschiedenis.nl/amco/10955,10955,416,2751962,1941,heden,Noord-Holland
Laren [NH],http://www.gemeentegeschiedenis.nl/gemeentenaam/Laren_NH,http://www.gemeentegeschiedenis.nl/amco/10649,10649,417,2751873,oudsher,heden,Noord-Holland
Limmen,http://www.gemeentegeschiedenis.nl/gemeentenaam/Limmen,http://www.gemeentegeschiedenis.nl/amco/11370,11370,418,0,1817,2002,Noord-Holland
Marken,http://www.gemeentegeschiedenis.nl/gemeentenaam/Marken,http://www.gemeentegeschiedenis.nl/amco/10901,10901,419,0,oudsher,1991,Noord-Holland
Medemblik,http://www.gemeentegeschiedenis.nl/gemeentenaam/Medemblik,http://www.gemeentegeschiedenis.nl/amco/11215,11215,420,2751072,oudsher,heden,Noord-Holland
Middelie,http://www.gemeentegeschiedenis.nl/gemeentenaam/Middelie,http://www.gemeentegeschiedenis.nl/amco/10452,10452,421,0,oudsher,1970,Noord-Holland
Midwoud,http://www.gemeentegeschiedenis.nl/gemeentenaam/Midwoud,http://www.gemeentegeschiedenis.nl/amco/10924,10924,422,0,1817,1979,Noord-Holland
Monnickendam,http://www.gemeentegeschiedenis.nl/gemeentenaam/Monnickendam,http://www.gemeentegeschiedenis.nl/amco/10983,10983,423,0,oudsher,1991,Noord-Holland
Muiden,http://www.gemeentegeschiedenis.nl/gemeentenaam/Muiden,http://www.gemeentegeschiedenis.nl/amco/10958,10958,424,2750568,oudsher,heden,Noord-Holland
Naarden,http://www.gemeentegeschiedenis.nl/gemeentenaam/Naarden,http://www.gemeentegeschiedenis.nl/amco/10187,10187,425,2750520,oudsher,heden,Noord-Holland
Nederhorst den Berg,http://www.gemeentegeschiedenis.nl/gemeentenaam/Nederhorst_den_Berg,http://www.gemeentegeschiedenis.nl/amco/10715,10715,426,0,oudsher,2002,Noord-Holland
Nibbixwoud,http://www.gemeentegeschiedenis.nl/gemeentenaam/Nibbixwoud,http://www.gemeentegeschiedenis.nl/amco/10091,10091,427,0,oudsher,1979,Noord-Holland
Niedorp,http://www.gemeentegeschiedenis.nl/gemeentenaam/Niedorp,http://www.gemeentegeschiedenis.nl/amco/10923,10923,412,0,1970,heden,Noord-Holland
Nieuwendam,http://www.gemeentegeschiedenis.nl/gemeentenaam/Nieuwendam,http://www.gemeentegeschiedenis.nl/amco/10177,10177,1120,0,oudsher,1921,Noord-Holland
Nieuwe Niedorp,http://www.gemeentegeschiedenis.nl/gemeentenaam/Nieuwe_Niedorp,http://www.gemeentegeschiedenis.nl/amco/10073,10073,428,0,oudsher,1970,Noord-Holland
Nieuwer-Amstel,http://www.gemeentegeschiedenis.nl/gemeentenaam/Nieuwer-Amstel,http://www.gemeentegeschiedenis.nl/amco/10799,10799,1249,0,oudsher,1964,Noord-Holland
Noorder-Koggenland,http://www.gemeentegeschiedenis.nl/gemeentenaam/Noorder-Koggenland,http://www.gemeentegeschiedenis.nl/amco/10924,10924,529,0,1979,2007,Noord-Holland
Noord-Scharwoude,http://www.gemeentegeschiedenis.nl/gemeentenaam/Noord-Scharwoude,http://www.gemeentegeschiedenis.nl/amco/10075,10075,1124,0,1817,1941,Noord-Holland
Obdam,http://www.gemeentegeschiedenis.nl/gemeentenaam/Obdam,http://www.gemeentegeschiedenis.nl/amco/11338,11338,429,0,oudsher,2007,Noord-Holland
Oosthuizen,http://www.gemeentegeschiedenis.nl/gemeentenaam/Oosthuizen,http://www.gemeentegeschiedenis.nl/amco/11121,11121,430,0,oudsher,1970,Noord-Holland
Oostzaan,http://www.gemeentegeschiedenis.nl/gemeentenaam/Oostzaan,http://www.gemeentegeschiedenis.nl/amco/11303,11303,431,2749319,oudsher,heden,Noord-Holland
Opmeer,http://www.gemeentegeschiedenis.nl/gemeentenaam/Opmeer,http://www.gemeentegeschiedenis.nl/amco/10609,10609,432,2749285,1817,heden,Noord-Holland
Opperdoes,http://www.gemeentegeschiedenis.nl/gemeentenaam/Opperdoes,http://www.gemeentegeschiedenis.nl/amco/10523,10523,433,0,1817,1979,Noord-Holland
Oterleek,http://www.gemeentegeschiedenis.nl/gemeentenaam/Oterleek,http://www.gemeentegeschiedenis.nl/amco/10133,10133,434,0,1817,1970,Noord-Holland
Oudendijk,http://www.gemeentegeschiedenis.nl/gemeentenaam/Oudendijk,http://www.gemeentegeschiedenis.nl/amco/11090,11090,435,0,1817,1979,Noord-Holland
Oude Niedorp,http://www.gemeentegeschiedenis.nl/gemeentenaam/Oude_Niedorp,http://www.gemeentegeschiedenis.nl/amco/10896,10896,436,0,oudsher,1970,Noord-Holland
Ouder-Amstel,http://www.gemeentegeschiedenis.nl/gemeentenaam/Ouder-Amstel,http://www.gemeentegeschiedenis.nl/amco/10998,10998,437,2749027,oudsher,heden,Noord-Holland
Oudkarspel,http://www.gemeentegeschiedenis.nl/gemeentenaam/Oudkarspel,http://www.gemeentegeschiedenis.nl/amco/11051,11051,1146,0,oudsher,1941,Noord-Holland
Oudorp,http://www.gemeentegeschiedenis.nl/gemeentenaam/Oudorp,http://www.gemeentegeschiedenis.nl/amco/10363,10363,438,0,1817,1972,Noord-Holland
Petten,http://www.gemeentegeschiedenis.nl/gemeentenaam/Petten,http://www.gemeentegeschiedenis.nl/amco/11057,11057,1153,0,1817,1929,Noord-Holland
Purmerend,http://www.gemeentegeschiedenis.nl/gemeentenaam/Purmerend,http://www.gemeentegeschiedenis.nl/amco/11066,11066,439,2748412,oudsher,heden,Noord-Holland
Ransdorp,http://www.gemeentegeschiedenis.nl/gemeentenaam/Ransdorp,http://www.gemeentegeschiedenis.nl/amco/10789,10789,1157,0,oudsher,1921,Noord-Holland
Rietwijkeroord,http://www.gemeentegeschiedenis.nl/gemeentenaam/Rietwijkeroord,http://www.gemeentegeschiedenis.nl/amco/10473,10473,1361,0,1817,1854,Noord-Holland
De Rijp,http://www.gemeentegeschiedenis.nl/gemeentenaam/De_Rijp,http://www.gemeentegeschiedenis.nl/amco/11417,11417,440,0,oudsher,1970,Noord-Holland
Schagen,http://www.gemeentegeschiedenis.nl/gemeentenaam/Schagen,http://www.gemeentegeschiedenis.nl/amco/10511,10511,441,2747719,oudsher,heden,Noord-Holland
Schardam,http://www.gemeentegeschiedenis.nl/gemeentenaam/Schardam,http://www.gemeentegeschiedenis.nl/amco/10414,10414,1366,0,1817,1854,Noord-Holland
Scharwoude [bij Hoorn],http://www.gemeentegeschiedenis.nl/gemeentenaam/Scharwoude_bij_Hoorn,http://www.gemeentegeschiedenis.nl/amco/11254,11254,1367,0,1817,1854,Noord-Holland
Scharwoude [Langendijk],http://www.gemeentegeschiedenis.nl/gemeentenaam/Scharwoude_Langendijk,http://www.gemeentegeschiedenis.nl/amco/10159,10159,,0,oudsher,1817,Noord-Holland
Schellingwoude,http://www.gemeentegeschiedenis.nl/gemeentenaam/Schellingwoude,http://www.gemeentegeschiedenis.nl/amco/10651,10651,1368,0,1817,1857,Noord-Holland
Schellinkhout,http://www.gemeentegeschiedenis.nl/gemeentenaam/Schellinkhout,http://www.gemeentegeschiedenis.nl/amco/10772,10772,442,0,oudsher,1970,Noord-Holland
Schermer,http://www.gemeentegeschiedenis.nl/gemeentenaam/Schermer,http://www.gemeentegeschiedenis.nl/amco/10308,10308,458,2747618,1970,heden,Noord-Holland
Schermerhorn,http://www.gemeentegeschiedenis.nl/gemeentenaam/Schermerhorn,http://www.gemeentegeschiedenis.nl/amco/10308,10308,443,0,oudsher,1970,Noord-Holland
Schoorl,http://www.gemeentegeschiedenis.nl/gemeentenaam/Schoorl,http://www.gemeentegeschiedenis.nl/amco/10627,10627,444,0,oudsher,2001,Noord-Holland
Schoten,http://www.gemeentegeschiedenis.nl/gemeentenaam/Schoten,http://www.gemeentegeschiedenis.nl/amco/10382,10382,1173,0,1817,1927,Noord-Holland
Sijbekarspel,http://www.gemeentegeschiedenis.nl/gemeentenaam/Sijbekarspel,http://www.gemeentegeschiedenis.nl/amco/11167,11167,447,0,oudsher,1979,Noord-Holland
Sint Maarten,http://www.gemeentegeschiedenis.nl/gemeentenaam/Sint_Maarten,http://www.gemeentegeschiedenis.nl/amco/10740,10740,445,0,oudsher,1990,Noord-Holland
Sint Pancras,http://www.gemeentegeschiedenis.nl/gemeentenaam/Sint_Pancras,http://www.gemeentegeschiedenis.nl/amco/10513,10513,446,0,1817,1990,Noord-Holland
Sloten [NH],http://www.gemeentegeschiedenis.nl/gemeentenaam/Sloten_NH,http://www.gemeentegeschiedenis.nl/amco/10148,10148,1181,0,oudsher,1921,Noord-Holland
Spaarndam,http://www.gemeentegeschiedenis.nl/gemeentenaam/Spaarndam,http://www.gemeentegeschiedenis.nl/amco/10192,10192,1185,0,oudsher,1927,Noord-Holland
Spaarnwoude,http://www.gemeentegeschiedenis.nl/gemeentenaam/Spaarnwoude,http://www.gemeentegeschiedenis.nl/amco/10508,10508,1374,0,oudsher,1857,Noord-Holland
Spanbroek,http://www.gemeentegeschiedenis.nl/gemeentenaam/Spanbroek,http://www.gemeentegeschiedenis.nl/amco/10063,10063,1186,0,oudsher,1959,Noord-Holland
Stede Broec,http://www.gemeentegeschiedenis.nl/gemeentenaam/Stede_Broec,http://www.gemeentegeschiedenis.nl/amco/11337,11337,532,6544238,1979,heden,Noord-Holland
Texel,http://www.gemeentegeschiedenis.nl/gemeentenaam/Texel,http://www.gemeentegeschiedenis.nl/amco/10237,10237,448,2746383,oudsher,heden,Noord-Holland
Thamen,http://www.gemeentegeschiedenis.nl/gemeentenaam/Thamen,http://www.gemeentegeschiedenis.nl/amco/10403,10403,,0,1818,1820,Noord-Holland
Twisk,http://www.gemeentegeschiedenis.nl/gemeentenaam/Twisk,http://www.gemeentegeschiedenis.nl/amco/10371,10371,449,0,oudsher,1979,Noord-Holland
Uitgeest,http://www.gemeentegeschiedenis.nl/gemeentenaam/Uitgeest,http://www.gemeentegeschiedenis.nl/amco/11238,11238,450,2745977,oudsher,heden,Noord-Holland
Uithoorn,http://www.gemeentegeschiedenis.nl/gemeentenaam/Uithoorn,http://www.gemeentegeschiedenis.nl/amco/11206,11206,451,2745972,oudsher,heden,Noord-Holland
Ursem,http://www.gemeentegeschiedenis.nl/gemeentenaam/Ursem,http://www.gemeentegeschiedenis.nl/amco/10696,10696,452,0,oudsher,1979,Noord-Holland
Urk,http://www.gemeentegeschiedenis.nl/gemeentenaam/Urk,http://www.gemeentegeschiedenis.nl/amco/10783,10783,184,2745931,oudsher,heden,Noord-Holland
Veenhuizen,http://www.gemeentegeschiedenis.nl/gemeentenaam/Veenhuizen,http://www.gemeentegeschiedenis.nl/amco/10718,10718,1384,0,1817,1854,Noord-Holland
Velsen,http://www.gemeentegeschiedenis.nl/gemeentenaam/Velsen,http://www.gemeentegeschiedenis.nl/amco/10620,10620,453,2745675,oudsher,heden,Noord-Holland
Venhuizen,http://www.gemeentegeschiedenis.nl/gemeentenaam/Venhuizen,http://www.gemeentegeschiedenis.nl/amco/10433,10433,454,0,oudsher,2006,Noord-Holland
Warder,http://www.gemeentegeschiedenis.nl/gemeentenaam/Warder,http://www.gemeentegeschiedenis.nl/amco/11073,11073,455,0,1817,1970,Noord-Holland
Warmenhuizen,http://www.gemeentegeschiedenis.nl/gemeentenaam/Warmenhuizen,http://www.gemeentegeschiedenis.nl/amco/10221,10221,456,0,oudsher,1990,Noord-Holland
Watergraafsmeer,http://www.gemeentegeschiedenis.nl/gemeentenaam/Watergraafsmeer,http://www.gemeentegeschiedenis.nl/amco/11122,11122,1219,0,1817,1921,Noord-Holland
Waterland,http://www.gemeentegeschiedenis.nl/gemeentenaam/Waterland,http://www.gemeentegeschiedenis.nl/amco/10983,10983,852,2758257,1991,heden,Noord-Holland
Weesp,http://www.gemeentegeschiedenis.nl/gemeentenaam/Weesp,http://www.gemeentegeschiedenis.nl/amco/10773,10773,457,2744903,oudsher,heden,Noord-Holland
Weesperkarspel,http://www.gemeentegeschiedenis.nl/gemeentenaam/Weesperkarspel,http://www.gemeentegeschiedenis.nl/amco/10377,10377,1221,0,1817,1966,Noord-Holland
Wervershoof,http://www.gemeentegeschiedenis.nl/gemeentenaam/Wervershoof,http://www.gemeentegeschiedenis.nl/amco/11270,11270,459,0,1817,2011,Noord-Holland
Wester-Koggenland,http://www.gemeentegeschiedenis.nl/gemeentenaam/Wester-Koggenland,http://www.gemeentegeschiedenis.nl/amco/10354,10354,558,0,1979,2007,Noord-Holland
Westwoud,http://www.gemeentegeschiedenis.nl/gemeentenaam/Westwoud,http://www.gemeentegeschiedenis.nl/amco/11101,11101,460,0,1817,1979,Noord-Holland
Westzaan,http://www.gemeentegeschiedenis.nl/gemeentenaam/Westzaan,http://www.gemeentegeschiedenis.nl/amco/11381,11381,461,0,oudsher,1974,Noord-Holland
Wieringen,http://www.gemeentegeschiedenis.nl/gemeentenaam/Wieringen,http://www.gemeentegeschiedenis.nl/amco/11277,11277,462,0,oudsher,heden,Noord-Holland
Wieringermeer,http://www.gemeentegeschiedenis.nl/gemeentenaam/Wieringermeer,http://www.gemeentegeschiedenis.nl/amco/10239,10239,463,,1941,heden,Noord-Holland
"Wieringermeer, Openbaar Lichaam De",http://www.gemeentegeschiedenis.nl/gemeentenaam/Wieringermeer__Openbaar_Lichaam_De,http://www.gemeentegeschiedenis.nl/amco/10239,10239,463,,1938,1941,Noord-Holland
Wieringerwaard,http://www.gemeentegeschiedenis.nl/gemeentenaam/Wieringerwaard,http://www.gemeentegeschiedenis.nl/amco/11164,11164,464,0,oudsher,1970,Noord-Holland
Wijdemeren,http://www.gemeentegeschiedenis.nl/gemeentenaam/Wijdemeren,http://www.gemeentegeschiedenis.nl/amco/10534,10534,1696,3345301,2002,heden,Noord-Holland
Wijdenes,http://www.gemeentegeschiedenis.nl/gemeentenaam/Wijdenes,http://www.gemeentegeschiedenis.nl/amco/10631,10631,469,0,1817,1970,Noord-Holland
Wijdewormer,http://www.gemeentegeschiedenis.nl/gemeentenaam/Wijdewormer,http://www.gemeentegeschiedenis.nl/amco/10434,10434,470,0,1817,1991,Noord-Holland
Wijk aan Zee en Duin,http://www.gemeentegeschiedenis.nl/gemeentenaam/Wijk_aan_Zee_en_Duin,http://www.gemeentegeschiedenis.nl/amco/11366,11366,1229,0,1817,1936,Noord-Holland
Wimmenum,http://www.gemeentegeschiedenis.nl/gemeentenaam/Wimmenum,http://www.gemeentegeschiedenis.nl/amco/10725,10725,1397,0,1817,1857,Noord-Holland
Winkel,http://www.gemeentegeschiedenis.nl/gemeentenaam/Winkel,http://www.gemeentegeschiedenis.nl/amco/10923,10923,465,0,oudsher,1970,Noord-Holland
Wognum,http://www.gemeentegeschiedenis.nl/gemeentenaam/Wognum,http://www.gemeentegeschiedenis.nl/amco/10818,10818,466,0,oudsher,2007,Noord-Holland
Wormer,http://www.gemeentegeschiedenis.nl/gemeentenaam/Wormer,http://www.gemeentegeschiedenis.nl/amco/10648,10648,467,0,oudsher,1991,Noord-Holland
Wormerland,http://www.gemeentegeschiedenis.nl/gemeentenaam/Wormerland,http://www.gemeentegeschiedenis.nl/amco/10648,10648,880,6544263,1991,heden,Noord-Holland
Wormerveer,http://www.gemeentegeschiedenis.nl/gemeentenaam/Wormerveer,http://www.gemeentegeschiedenis.nl/amco/10361,10361,468,0,oudsher,1974,Noord-Holland
Zaandam,http://www.gemeentegeschiedenis.nl/gemeentenaam/Zaandam,http://www.gemeentegeschiedenis.nl/amco/11044,11044,471,0,oudsher,1974,Noord-Holland
Zaandijk,http://www.gemeentegeschiedenis.nl/gemeentenaam/Zaandijk,http://www.gemeentegeschiedenis.nl/amco/11404,11404,472,0,oudsher,1974,Noord-Holland
Zaanstad,http://www.gemeentegeschiedenis.nl/gemeentenaam/Zaanstad,http://www.gemeentegeschiedenis.nl/amco/11044,11044,479,2744113,1974,heden,Noord-Holland
Zandvoort,http://www.gemeentegeschiedenis.nl/gemeentenaam/Zandvoort,http://www.gemeentegeschiedenis.nl/amco/10910,10910,473,2744040,oudsher,heden,Noord-Holland
Zeevang,http://www.gemeentegeschiedenis.nl/gemeentenaam/Zeevang,http://www.gemeentegeschiedenis.nl/amco/11121,11121,478,2743999,1970,heden,Noord-Holland
Zijpe,http://www.gemeentegeschiedenis.nl/gemeentenaam/Zijpe,http://www.gemeentegeschiedenis.nl/amco/10004,10004,476,2743882,oudsher,heden,Noord-Holland
Zuid- en Noord-Schermer,http://www.gemeentegeschiedenis.nl/gemeentenaam/Zuid-_en_Noord-Schermer,http://www.gemeentegeschiedenis.nl/amco/11311,11311,474,0,oudsher,1970,Noord-Holland
Zuidschalkwijk,http://www.gemeentegeschiedenis.nl/gemeentenaam/Zuidschalkwijk,http://www.gemeentegeschiedenis.nl/amco/11394,11394,1241,0,1817,1863,Noord-Holland
Zuid-Scharwoude,http://www.gemeentegeschiedenis.nl/gemeentenaam/Zuid-Scharwoude,http://www.gemeentegeschiedenis.nl/amco/10159,10159,1238,0,1817,1941,Noord-Holland
Zwaag,http://www.gemeentegeschiedenis.nl/gemeentenaam/Zwaag,http://www.gemeentegeschiedenis.nl/amco/10218,10218,475,0,oudsher,1979,Noord-Holland
